timestamp,altitude,speed,alert
1751652725.8078349,11644.390797898335,291.57647087492523,No alert
1751652726.81793,3968.627962158259,319.679302165961,No alert
1751652727.825235,8878.028581527984,120.65339201538214,Speed below safe threshold
1751652728.834635,33.28637856032829,405.51862978864517,Altitude below safe threshold
1751652729.8402638,33025.90573253992,436.77033325163166,No alert
1751652730.84936,6059.311722999793,308.4452129225005,No alert
1751652731.858733,5849.65323810023,262.4088670115722,No alert
1751652732.868383,3784.4244655612933,219.4827374589869,No alert
1751652733.876235,9038.950917852204,262.83186341606165,No alert
1751652734.8839428,1052.7298932331173,370.7702060442809,Altitude below safe threshold
1751652735.8922398,3106.5247875008117,325.49568728323436,No alert
1751652736.9006011,5902.942397396177,461.2007876828173,No alert
1751652737.904504,8145.549021189201,551.3377636987663,Speed above safe threshold
1751652738.911635,26330.491290442304,372.65514807523647,No alert
1751652739.920118,29538.426479636313,328.9457476848273,No alert
1751652740.92573,12810.879238650838,446.51114404142254,No alert
1751652741.9322329,40686.85310411548,375.7594145168126,Altitude above safe threshold
1751652742.94105,31159.38425388451,362.4836322167096,No alert
1751652743.948847,32339.97803489653,437.2130195454132,No alert
1751652744.9587939,13835.975648837759,478.34478509862714,No alert
1751652745.966036,30385.108693744714,461.3992651294874,No alert
1751652746.9781718,17374.176828625346,314.3266454492491,No alert
1751652747.992202,30466.717728493597,332.34730576050606,No alert
1751652748.9996119,37546.02677688288,499.09973896178496,No alert
1751652750.007456,32841.40975019014,244.6474258684017,No alert
1751652751.0182369,29113.54176908398,532.7468409157344,Speed above safe threshold
1751652752.0239968,7077.232440774756,265.2493736772283,No alert
1751652753.030019,22692.57652518882,483.8693886281307,No alert
1751652754.037036,34887.94867702661,447.9568316910545,No alert
1751652755.045405,42955.29637012697,318.6785243130427,Altitude above safe threshold
1751652756.052433,28384.853321794675,361.9409794105395,No alert
1751652757.0642078,22350.297917471125,280.79780081662767,No alert
1751652758.068761,36757.185005802836,306.68325190209373,No alert
1751652759.085815,13808.572046529984,231.03061366462433,No alert
1751652760.0955899,19477.98807951299,444.5313478148935,No alert
1751652761.104652,5186.871513661072,251.23862134830517,No alert
1751652762.1107311,25891.933637872746,279.089624915854,No alert
1751652763.116178,20381.3205791517,442.67835588035757,No alert
1751652764.124613,24368.819519583434,340.33041167529035,No alert
1751652765.1320288,52.2893881196081,280.61844780488883,Altitude below safe threshold
1751652766.139915,4050.63018388829,322.1651355497021,No alert
1751652767.147726,28917.659693486272,414.4190244160476,No alert
1751652768.1592221,20588.300173976535,301.2356211423515,No alert
1751652769.1671739,44211.23381430393,213.25283859894128,Altitude above safe threshold
1751652770.172151,8213.21887043866,65.54724603328565,Speed below safe threshold
1751652771.178345,34672.13238721115,63.35284115080305,Speed below safe threshold
1751652772.1823812,30721.578769963464,285.564976794883,No alert
1751652773.187238,39534.697317141574,384.90517724228744,No alert
1751652774.192737,6464.136564446359,545.21371442215,Speed above safe threshold
1751652775.201198,10864.739736133211,356.50829370231065,No alert
1751652776.209228,26690.545137308443,291.6681132687567,No alert
1751652777.218592,22860.303607634924,268.259241201394,No alert
1751652778.229651,21362.194825809238,394.87576971220835,No alert
1751652779.237968,27985.785675903157,392.7540949553994,No alert
1751652780.243736,8573.78695600512,215.68511777859192,No alert
1751652781.249959,35983.17080133766,238.51139159743357,No alert
1751652782.259108,31911.541575090992,557.5291299605287,Speed above safe threshold
1751652783.2626061,41930.36676023337,240.93379951908202,Altitude above safe threshold
1751652784.270893,33480.330720496546,512.8928463637001,Speed above safe threshold
1751652785.278661,16845.74502959434,450.4504926806362,No alert
1751652786.284255,25910.42245959388,325.3456565555575,No alert
1751652787.289252,36126.407661924706,485.3233261407088,No alert
1751652788.298708,49209.712882782456,338.1802939011351,Altitude above safe threshold
1751652789.304058,572.80679941246,406.9556639647725,Altitude below safe threshold
1751652790.3120582,23031.095484691094,344.9150236272244,No alert
1751652791.3166342,12137.731190604152,394.65183320293534,No alert
1751652792.324781,11772.560804228362,394.7281558738006,No alert
1751652793.334388,12697.066928190288,283.4005027575455,No alert
1751652794.342755,24179.49282523121,235.6902481459446,No alert
1751652795.35265,29499.17736266206,460.01309655145076,No alert
1751652796.3695822,9283.248180458137,298.95857530316295,No alert
1751652797.3753018,29285.923295116696,502.2856424928414,Speed above safe threshold
1751652798.384724,32240.31717873334,361.09687153945765,No alert
1751652799.393051,40893.0603121469,422.5710399307982,Altitude above safe threshold
1751652800.4031098,36716.58445626979,469.76132580600813,No alert
1751652801.41012,32972.09449448826,423.435950491849,No alert
1751652802.422425,10669.925272599457,547.5288176667432,Speed above safe threshold
1751652803.431791,20406.970174987953,31.87992355777715,Speed below safe threshold
1751652804.438067,32922.649180241235,218.66522255336685,No alert
1751652805.447694,6350.812282504241,329.156135744959,No alert
1751652806.45463,22918.931610107764,397.19139993130614,No alert
1751652807.460247,17714.358069740683,394.4960981048269,No alert
1751652808.469147,31168.10741658522,350.9604291324919,No alert
1751652809.4804091,22030.71870282076,324.97767407742253,No alert
1751652810.5008068,36147.00425116806,202.09565497181106,No alert
1751652811.510667,25214.669247392456,204.91317323759702,No alert
1751652812.5166552,38221.5183279443,256.4442914177148,No alert
1751652813.5207229,4023.723169521054,526.0271834644063,Speed above safe threshold
1751652814.5293171,28854.31386405471,190.60297375107146,Speed below safe threshold
1751652815.535084,21375.72775223988,364.19233058788734,No alert
1751652816.591996,14660.614710687585,438.0395197517854,No alert
1751652817.602754,4561.297083137049,520.79863723598,Speed above safe threshold
1751652818.612711,19012.462929687055,494.17140786338376,No alert
1751652819.6190841,4278.3412855582865,287.70622630713297,No alert
1751652820.624328,33177.23008998661,336.23795241462096,No alert
1751652821.633125,34578.77431336642,322.6798488719382,No alert
1751652822.638178,25489.153481264377,215.73567384172242,No alert
1751652823.6419241,11879.632153035109,210.49435286641466,No alert
1751652824.6500711,11783.728305433171,283.1243344856747,No alert
1751652825.660278,8734.72709239961,202.2959505001058,No alert
1751652826.6688042,17565.6064107558,430.5815084984016,No alert
1751652827.6771169,24297.566977800423,318.7556638472585,No alert
1751652828.686141,26322.883040423872,415.40591050053183,No alert
1751652829.690412,23507.315224359347,342.85747507701865,No alert
1751652830.699451,24303.77815786567,272.8855660153458,No alert
1751652831.754612,46281.96566052323,345.49009606042574,Altitude above safe threshold
1751652832.772214,15133.36195782596,314.4157568460273,No alert
1751652833.781027,31836.290795425317,303.73901723807927,No alert
1751652834.7974012,20887.35627531085,271.31239555503754,No alert
1751652835.809681,24062.6962560173,288.7784573270941,No alert
1751652836.8250382,20903.721299124147,400.6250878597325,No alert
1751652837.8339698,15208.069941682123,395.14260600448443,No alert
1751652838.8740852,22593.890609804665,594.4737497227915,Speed above safe threshold
1751652839.898705,23708.852632470713,214.27566416055203,No alert
1751652840.9131148,31457.65244465277,293.08173917617637,No alert
1751652841.91695,12336.326980032289,328.7218359815763,No alert
1751652842.9252522,21136.44242902526,371.0738961018848,No alert
1751652843.934384,31924.433397811634,482.3680028299677,No alert
1751652844.942195,11172.856557224215,253.1034256806832,No alert
1751652845.957969,45670.14596264497,466.13549572508975,Altitude above safe threshold
1751652846.966571,5592.504984188228,298.82365695541966,No alert
1751652847.9746282,19638.408584105084,321.86436565271947,No alert
1751652848.9863539,11157.504530685788,170.34891347591352,Speed below safe threshold
1751652849.994459,19513.199278315187,320.3305809382845,No alert
1751652851.002808,4519.347510135971,202.00425366355896,No alert
1751652852.009695,36300.107501436454,291.8578261817773,No alert
1751652853.017848,39880.6812714723,346.36035730472423,No alert
1751652854.025585,5803.612688601224,264.24088913039265,No alert
1751652855.034747,26577.1403432013,210.53455929403265,No alert
1751652856.047769,35049.67188223584,200.7811235918599,No alert
1751652857.06323,31924.91475346676,251.50725810862818,No alert
1751652858.070094,2743.602993721843,275.0602361271711,Altitude below safe threshold
1751652859.0763159,29760.338861667762,235.01123794866203,No alert
1751652860.0816052,9028.478695258738,222.35221730109782,No alert
1751652861.08774,4209.409210611821,481.2849408592219,No alert
1751652862.096759,49061.59077750536,250.20757408953435,Altitude above safe threshold
1751652863.105751,33423.610931503354,378.26782977217607,No alert
1751652864.112121,15623.140029344033,220.07732810052218,No alert
1751652865.119325,19532.094620967793,330.8260966457603,No alert
1751652866.123609,18676.57006017439,228.0296819001439,No alert
1751652867.1327958,19824.021765662124,355.3835170307997,No alert
1751652868.140834,36357.70823208454,398.6930408890811,No alert
1751652869.148161,24463.121338931473,207.2883015680416,No alert
1751652870.158041,33629.9537807082,384.23747532539795,No alert
1751652871.171699,13835.060259991584,411.99557400136234,No alert
1751652872.181215,29748.874668146593,233.4804690586704,No alert
1751652873.18815,3812.0938086482975,334.3806426121296,No alert
1751652874.194268,5782.591697770088,455.6960270171222,No alert
1751652875.204063,17419.370766521417,575.8550310754126,Speed above safe threshold
1751652876.2115378,26809.0107631572,365.060943451752,No alert
1751652877.216822,13898.152242932643,413.35750555243055,No alert
1751652878.2221959,32802.848419954666,363.1348225348021,No alert
1751652879.229439,44461.62413342866,472.28728604281076,Altitude above safe threshold
1751652880.237796,14805.968853052498,477.427064254373,No alert
1751652881.247542,14524.697834470444,451.57728688523684,No alert
1751652882.252722,6341.911252183875,299.99866356471506,No alert
1751652883.2660291,36746.312503172376,415.5421311283354,No alert
1751652884.270407,14879.484380529268,568.9898064394105,Speed above safe threshold
1751652885.2753541,4172.68651517101,461.0543143610844,No alert
1751652886.282986,45335.78074972148,231.59238024729837,Altitude above safe threshold
1751652887.2996402,8362.60346714726,310.48437461098064,No alert
1751652888.308606,21518.90848243664,456.296957107843,No alert
1751652889.318326,2951.6976587889703,298.6774848616011,Altitude below safe threshold
1751652890.333204,11638.279606415894,309.56320952846744,No alert
1751652891.340464,6452.114892988907,457.9024970569235,No alert
1751652892.3517282,11826.755906625613,342.1536620187387,No alert
1751652893.357687,19092.40088971326,460.375045076057,No alert
1751652894.364379,6339.583752282959,262.4564406248892,No alert
1751652895.3729339,27855.77795733623,298.1989544061149,No alert
1751652896.3822389,37.74217351985562,426.8977153511355,Altitude below safe threshold
1751652897.3944561,30425.503581270204,155.37910671181845,Speed below safe threshold
1751652898.4051409,14655.39107796516,441.5839994803147,No alert
1751652899.414925,28608.43262798393,327.15304032640523,No alert
1751652900.425256,10279.962763517773,215.1133151817899,No alert
1751652901.431885,34589.14892009852,242.26541742462194,No alert
1751652902.444831,7679.155632632813,177.03625549910652,Speed below safe threshold
1751652903.451627,29514.22759358252,90.39535003321531,Speed below safe threshold
1751652904.456682,4410.261813027913,402.84472857052174,No alert
1751652905.465699,12675.252461528431,577.3904900918741,Speed above safe threshold
1751652906.501332,39490.66923704666,304.4559857551872,No alert
1751652907.5174751,18782.827445545878,404.8495436216351,No alert
1751652908.528641,7688.163039171479,348.12873512287223,No alert
1751652909.536428,48259.67136552965,329.77226170280557,Altitude above safe threshold
1751652910.545832,21674.518784019714,238.94755387893264,No alert
1751652911.571344,11976.28724667415,406.6870601969685,No alert
1751652912.5773199,27175.91732119102,477.3557022348356,No alert
1751652913.587273,24307.845567023094,475.1638790924106,No alert
1751652914.594578,10816.19058778554,20.215664963420426,Speed below safe threshold
1751652915.6049678,38293.597524648525,465.43784725679694,No alert
1751652916.608983,22811.95337337228,494.4966889290217,No alert
1751652917.617986,6200.805713021882,454.27274817501313,No alert
1751652918.623513,32151.500938022615,454.2055881046298,No alert
1751652919.6349928,37942.35231756732,517.493430169921,Speed above safe threshold
1751652920.643651,44679.970159708,400.14216914677445,Altitude above safe threshold
1751652921.649896,24519.15183937446,217.88741117488848,No alert
1751652922.676762,43589.425620297574,316.6209351292292,Altitude above safe threshold
1751652923.6897862,16158.001573057278,223.23912750729826,No alert
1751652924.6989288,31685.83349993929,315.7577974786475,No alert
1751652925.705921,14829.189172037157,289.67703112875347,No alert
1751652926.713921,23232.968855947856,400.1030015498536,No alert
1751652927.7242198,35301.94639587032,259.3892045483001,No alert
1751652928.730401,31139.31151665019,482.9652001403334,No alert
1751652929.734827,5517.777952499601,311.1052727078976,No alert
1751652930.743815,26550.970412326373,39.966956038453034,Speed below safe threshold
1751652931.7525902,5246.179817692656,241.49614837904662,No alert
1751652932.7623832,14572.230919475487,462.3843133846741,No alert
1751652933.771803,10400.186816779193,252.5340956857597,No alert
1751652934.7780612,26669.262809646403,217.36254210335733,No alert
1751652935.785398,22044.332439510854,482.1894522798841,No alert
1751652936.7944121,30309.815427505157,466.609753452879,No alert
1751652937.7999701,12845.940696016456,512.8602256415023,Speed above safe threshold
1751652938.811743,24730.39890506699,436.64798304059934,No alert
1751652939.825345,14508.076716111937,497.3094661403934,No alert
1751652940.8341,38722.168326164654,250.52883542697776,No alert
1751652941.8383539,27109.061670303367,387.0118334262851,No alert
1751652942.84692,42115.62637847614,238.966910705877,Altitude above safe threshold
1751652943.860061,49367.83272522953,218.71891233713723,Altitude above safe threshold
1751652944.865719,13367.032755547905,449.1444018297313,No alert
1751652945.875102,17442.41253042047,262.4259627285035,No alert
1751652946.885921,28893.8843054375,215.56913134491217,No alert
1751652947.894318,12903.924298387186,256.765991944069,No alert
1751652948.901386,249.00472350058268,262.08408227743104,Altitude below safe threshold
1751652949.906922,18040.54403724108,361.70582686961586,No alert
1751652950.915702,17555.446920270304,126.22188961626105,Speed below safe threshold
1751652951.939724,32255.42868659819,403.14347442637654,No alert
1751652952.945687,31826.025352511035,374.9868999136321,No alert
1751652953.954165,26389.776029844525,344.94630528068694,No alert
1751652954.979297,31594.27467511214,406.2984365070722,No alert
1751652955.988587,1356.9053071014898,345.9774174413555,Altitude below safe threshold
1751652956.998222,19077.493727020697,550.2401470635275,Speed above safe threshold
1751652958.007139,19140.665770394025,401.2231581019203,No alert
1751652959.015533,28705.008333872323,402.7803272114601,No alert
1751652960.027217,37595.496013757365,391.12734026210774,No alert
1751652961.03808,27772.445512429647,431.9879134200853,No alert
1751652962.0470982,29896.45307003431,209.14395575059538,No alert
1751652963.059951,26472.17974279462,326.52847914998154,No alert
1751652964.066747,34071.1509803053,377.84959471464526,No alert
1751652965.074991,33901.54017848217,311.2853077698896,No alert
1751652966.086313,22647.052311888587,325.7375809546892,No alert
1751652967.091469,37536.67781226722,225.3477364038718,No alert
1751652968.101723,10746.633173264661,412.44468702704864,No alert
1751652969.115005,12033.63081954025,291.7690220838549,No alert
1751652970.1329348,24779.085010508858,488.4610202841023,No alert
1751652971.168464,5595.608319078727,234.35739019919052,No alert
1751652972.1883001,35497.110474124114,217.462494718007,No alert
1751652973.205118,24654.85775791619,330.49476910435556,No alert
1751652974.2137191,31383.761638372096,447.40676204035725,No alert
1751652975.223138,5074.8873891211315,447.2756847493615,No alert
1751652976.2291598,28728.939632516107,227.17959391336126,No alert
1751652977.24086,34343.77249279865,415.34707393012434,No alert
1751652978.252506,30167.13792171589,496.7618378892837,No alert
1751652979.2658272,46833.80999798473,203.27046304683745,Altitude above safe threshold
1751652980.274763,20527.085171369632,407.8780166736456,No alert
1751652981.283296,11183.124107742291,371.517812548587,No alert
1751652982.294176,16554.00206168437,439.212223599414,No alert
1751652983.2999198,38648.50714698322,283.9679372349289,No alert
1751652984.307508,5883.819650561016,310.96833539133286,No alert
1751652985.316875,13868.862288695731,327.05999249721845,No alert
1751652986.3240168,21871.40630758933,474.59641757903347,No alert
1751652987.3428218,21000.26287075392,495.2038423599542,No alert
1751652988.3633869,22071.023866224696,355.3677562115865,No alert
1751652989.373153,30377.421182927654,79.07183734919029,Speed below safe threshold
1751652990.3859782,13960.508164289125,314.8913739297532,No alert
1751652991.39073,6630.016665088516,364.96041751520613,No alert
1751652992.39886,25803.436405372813,223.1532238231216,No alert
1751652993.4092429,37640.827849287605,472.6762854727335,No alert
1751652994.414994,16138.381746203664,487.9359594739237,No alert
1751652995.427445,23561.078584620536,230.17962039279314,No alert
1751652996.4355688,20600.595978628957,477.9789148253375,No alert
1751652997.439893,21145.866209708372,242.6462798593007,No alert
1751652998.450463,34968.81092692814,435.17283513045845,No alert
1751652999.4549499,30796.404830116557,378.79753709604984,No alert
1751653000.458913,32424.41895756684,307.59734949132314,No alert
1751653001.4686348,16857.186642326473,251.15270989387815,No alert
1751653002.476935,13930.383385504678,344.3834127095958,No alert
1751653003.4925709,28878.69247960564,315.16507619349926,No alert
1751653004.502892,24758.36827562479,465.19982006770266,No alert
1751653005.5123782,34246.81303450798,404.52168085559174,No alert
1751653006.5161972,49187.04608994133,393.4120189790638,Altitude above safe threshold
1751653007.522391,1940.8067194601751,439.0445355125981,Altitude below safe threshold
1751653008.530922,32148.68747834227,477.1481678874978,No alert
1751653009.538196,13832.574030915408,396.53447819081475,No alert
1751653010.546617,33203.60981042468,288.8037271567321,No alert
1751653011.5541,32527.221792255335,257.0606387995552,No alert
1751653012.563231,30678.390499933143,106.20284547519653,Speed below safe threshold
1751653013.566965,30088.449285076327,150.8762117557707,Speed below safe threshold
1751653014.5718179,49536.08592428833,213.370247492234,Altitude above safe threshold
1751653015.5822809,5607.453154372877,289.8919083135341,No alert
1751653016.59054,12049.256446538217,396.9713786481913,No alert
1751653017.5998678,3335.553175726986,280.5269235279569,No alert
1751653018.608587,21697.474924245445,260.8531912099527,No alert
1751653019.613528,1689.0466191647554,306.1274783422376,Altitude below safe threshold
1751653020.621977,3394.9571151742475,255.25049278178773,No alert
1751653021.6311731,10984.12652264476,262.4761941680311,No alert
1751653022.636273,3288.403290622562,14.95998514349034,Speed below safe threshold
1751653023.641851,16832.99490293816,486.975587761509,No alert
1751653024.650509,5693.366846762412,394.26735310311705,No alert
1751653025.658689,8338.958752212784,254.38486571453785,No alert
1751653026.664535,19527.868952384124,462.1256385992905,No alert
1751653027.6741939,3699.6413229836835,38.3927418286047,Speed below safe threshold
1751653028.684085,30943.873235367544,208.94753277377217,No alert
1751653029.689831,4319.401347936624,245.00767404626163,No alert
1751653030.695743,16324.932177027498,51.9569074324431,Speed below safe threshold
1751653031.704283,38785.75841124628,300.61715595366957,No alert
1751653032.71402,19800.8068761188,104.02029530672255,Speed below safe threshold
1751653033.723721,22520.862506298927,9.769981835209562,Speed below safe threshold
1751653034.732296,5721.540043004998,349.7506001770029,No alert
1751653035.740566,13370.262653437643,406.0975344905373,No alert
1751653036.747661,29065.31469052451,425.96820026705035,No alert
1751653037.755976,11111.54946696939,348.6586403145236,No alert
1751653038.763892,1885.9623160076549,206.35540375566634,Altitude below safe threshold
1751653039.772427,34813.87397136184,316.97830135578755,No alert
1751653040.776882,28990.26451269742,381.70840978220247,No alert
1751653041.794749,11922.718360730378,368.85357063905985,No alert
1751653042.803583,24448.993743875846,266.99717784202437,No alert
1751653043.811638,42864.97886389016,438.70782351120664,Altitude above safe threshold
1751653044.817767,31391.334515805767,377.33304205399793,No alert
1751653045.825932,22542.27190736726,213.2612007347713,No alert
1751653046.833096,34803.873148339495,438.2281503643267,No alert
1751653047.853017,42178.09551336653,470.2606859644903,Altitude above safe threshold
1751653048.857579,18024.95600255527,273.98246517102166,No alert
1751653049.868751,9546.47529969899,278.57882675924026,No alert
1751653050.877098,32740.32929141944,368.7483105901524,No alert
1751653051.886582,2772.837272431137,403.30909050878074,Altitude below safe threshold
1751653052.897273,1229.435279962787,470.8874034789343,Altitude below safe threshold
1751653053.906303,28618.786335583693,305.27623835864904,No alert
1751653054.9133282,38735.281985084395,430.3989336204306,No alert
1751653055.938224,9425.773407380166,338.74947264955625,No alert
1751653056.962237,9527.54864986664,290.4567508841013,No alert
1751653057.965678,15255.491606856145,510.221048395019,Speed above safe threshold
1751653058.970228,29717.252572078178,54.92783195029886,Speed below safe threshold
1751653059.977974,30568.933760466243,488.46296543151664,No alert
1751653060.986358,1649.384889846914,324.8795007765746,Altitude below safe threshold
1751653061.990405,31951.25011342226,355.7458052494529,No alert
1751653063.006766,25973.24369655368,214.81876037563526,No alert
1751653064.019969,14321.082803247413,254.27309472873193,No alert
1751653065.028702,48779.593213478045,300.59926247513073,Altitude above safe threshold
1751653066.043665,30203.857084383864,378.95063051723037,No alert
1751653067.0518038,28712.218930315208,282.8386180942002,No alert
1751653068.069759,294.0106254723955,458.16308898367566,Altitude below safe threshold
1751653069.083669,13885.471862111306,270.20759152105063,No alert
1751653070.090082,6445.303391046289,382.2735433876551,No alert
1751653071.099856,6511.817915936284,387.4267377744525,No alert
1751653072.11242,35694.6761174591,465.3340951994653,No alert
1751653073.120206,28256.729743627162,46.19615279956161,Speed below safe threshold
1751653074.127702,2202.0851215168054,399.85513775101623,Altitude below safe threshold
1751653075.133543,19075.767860720378,491.22124533924256,No alert
1751653076.139665,27097.583842282394,348.9226613745793,No alert
1751653077.149621,43661.53633746717,278.0414882407326,Altitude above safe threshold
1751653078.155957,38663.552745356305,272.6897765623017,No alert
1751653079.167101,26368.938680479157,10.545583288589286,Speed below safe threshold
1751653080.176042,36243.248037787394,266.6526141432395,No alert
1751653081.180786,2479.786287865418,260.75369797278427,Altitude below safe threshold
1751653082.18945,24781.997551412198,409.23813075015875,No alert
1751653083.20107,4923.111499032299,260.27747742911583,No alert
1751653084.205997,18127.251002157303,350.05710784557004,No alert
1751653085.211019,19448.28441292886,262.88085330855904,No alert
1751653086.215009,33030.80167282505,392.06480889621577,No alert
1751653087.2266948,20715.80044748228,325.20134059811767,No alert
1751653088.23402,26512.14958061669,387.0357810464238,No alert
1751653089.243684,21888.93104118479,439.6919281125221,No alert
1751653090.2543628,39712.454447601114,443.74973222116733,No alert
1751653091.263159,39722.03166972871,292.02301820598484,No alert
1751653092.268718,9263.059082982116,327.186355937008,No alert
1751653093.2828941,34494.233752790824,368.7281020866498,No alert
1751653094.297151,26931.415296456446,279.3076148610543,No alert
1751653095.312808,22265.677012223412,396.9816684616369,No alert
1751653096.320736,3391.02002140677,315.7845675576543,No alert
1751653097.331208,16159.84617492341,236.32386432083683,No alert
1751653098.339075,38188.00957390012,468.6464825458608,No alert
1751653099.344379,11018.962868117342,445.0485907259414,No alert
1751653100.351228,8666.047059879998,557.2771168396521,Speed above safe threshold
1751653101.3570838,32131.777483749116,362.112493603605,No alert
1751653102.366718,34862.585776663705,589.7911725727889,Speed above safe threshold
1751653103.3745952,17784.65443505571,418.058874897952,No alert
1751653104.383646,919.4465786086431,417.140012279568,Altitude below safe threshold
1751653105.3900852,29285.136482168302,377.2957072095702,No alert
1751653106.395995,6209.106843141344,418.29252275517683,No alert
1751653107.411972,15962.233534897148,230.85809693089166,No alert
1751653108.426817,35610.64057603299,524.3407841837104,Speed above safe threshold
1751653109.433825,16665.346193010413,216.04716361737385,No alert
1751653110.4417899,11674.033100456514,455.2427953401533,No alert
1751653111.445371,22228.41020262498,451.87558565007146,No alert
1751653112.450729,9341.714375879297,385.9931446854296,No alert
1751653113.459192,26479.482305185087,485.9762341253742,No alert
1751653114.463325,29989.95908384529,385.84719580402106,No alert
1751653115.4749749,19292.171374432393,286.24386802570007,No alert
1751653116.484467,32952.54336955854,347.78584733582034,No alert
1751653117.48823,48750.91549766406,499.76675714847534,Altitude above safe threshold
1751653118.4968011,42508.01352278229,297.6187791254378,Altitude above safe threshold
1751653119.511103,47570.32308745937,398.5251413791401,Altitude above safe threshold
1751653120.523804,15007.833382952278,261.0876158463287,No alert
1751653121.53003,16705.751299923308,376.26564747035457,No alert
1751653122.5375628,22427.14139210226,386.7580460083642,No alert
1751653123.546773,25493.42337145651,206.6993949580209,No alert
1751653124.581793,35675.71788669941,389.5426321560583,No alert
1751653125.586695,25123.061177505137,464.1638470332804,No alert
1751653126.592646,24848.011776882508,158.73065294743594,Speed below safe threshold
1751653127.6039732,24699.733735811173,549.3762690018626,Speed above safe threshold
1751653128.615406,23998.338666132742,312.60203473703154,No alert
1751653129.624737,18028.947579483924,477.64269338263153,No alert
1751653130.631135,27396.62486307149,424.1254149980713,No alert
1751653131.639594,24562.392579252926,377.12843779119777,No alert
1751653132.646683,17627.664693323622,472.2673733324505,No alert
1751653133.655205,21959.723292400333,250.9207693980256,No alert
1751653134.663285,33523.6452896002,317.99744430411613,No alert
1751653135.671216,21353.10323065822,360.58306316427456,No alert
1751653136.680608,17141.248854651723,339.07791400662546,No alert
1751653137.6914508,11448.019089801606,466.0318771784412,No alert
1751653138.6998441,6667.906002699419,321.8695699189152,No alert
1751653139.717761,16592.92267702124,387.81228798701767,No alert
1751653140.734632,266.2987987787866,387.4148169817345,Altitude below safe threshold
1751653141.741625,34362.27647349229,342.23305316051784,No alert
1751653142.7544472,36208.666455241255,246.70834901248236,No alert
1751653143.7671812,1151.6545860586953,475.60124814205,Altitude below safe threshold
1751653144.776514,39976.50776487649,352.8437383617851,No alert
1751653145.788813,24591.74546928981,437.9436354833847,No alert
1751653146.79746,22458.210499030894,360.6179192661843,No alert
1751653147.8064792,18471.207947476265,236.68324572140455,No alert
1751653148.814553,32384.207656624316,254.02621953266606,No alert
1751653149.82255,13346.583112030594,419.32966248691685,No alert
1751653150.8291562,12452.02936645349,466.9739649897262,No alert
1751653151.836664,28652.24585179061,467.65393963744543,No alert
1751653152.843358,39858.73868956514,479.72679690557555,No alert
1751653153.8513238,15759.97622796228,253.59793225456264,No alert
1751653154.860838,9148.46187487233,324.7396489860959,No alert
1751653155.872394,19999.154439734128,304.4738859187779,No alert
1751653156.8814342,30473.2301331361,252.08631885553314,No alert
1751653157.88611,9950.06740222064,375.0164228812231,No alert
1751653158.895908,14504.981796438586,229.54220243605167,No alert
1751653159.9060988,10823.126772628773,475.59761504906254,No alert
1751653160.9110022,23240.27174573506,437.53525795776335,No alert
1751653161.914338,37725.174033475356,433.4414265586945,No alert
1751653162.927597,19647.922694276676,579.859280490321,Speed above safe threshold
1751653163.934081,25043.717871872603,333.78487145495615,No alert
1751653164.944185,27780.402978231814,73.65354342601633,Speed below safe threshold
1751653165.950024,27741.81000131624,391.6091842027162,No alert
1751653166.957385,42970.57743658652,352.6806181305275,Altitude above safe threshold
1751653167.977,23090.70014674319,454.16930576984555,No alert
1751653168.986954,35127.74260374837,347.6744925961259,No alert
1751653169.99572,7853.936626863049,375.14420779292425,No alert
1751653171.004905,29677.24802194771,239.54775717538325,No alert
1751653172.0123441,9762.907049632518,227.39662234908516,No alert
1751653173.017368,23325.214813512357,505.35165165416674,Speed above safe threshold
1751653174.029662,33795.56993580153,435.5067772983857,No alert
1751653175.035857,35001.55393320444,220.49352815833475,No alert
1751653176.045345,4836.5206175062485,312.57237649042054,No alert
1751653177.05218,30854.432149419263,345.74505948231894,No alert
1751653178.056025,40802.18533326901,368.47792610295227,Altitude above safe threshold
1751653179.0628831,29877.86638706465,501.3012565344168,Speed above safe threshold
1751653180.073293,6825.328455147577,399.48993637478577,No alert
1751653181.095169,49909.453453171845,425.14532236653395,Altitude above safe threshold
1751653182.10496,21621.34676119061,302.5323750599882,No alert
1751653183.115384,24078.75370148768,314.4538052242383,No alert
1751653184.122744,42216.21301175243,334.75967727095724,Altitude above safe threshold
1751653185.131619,7294.362433207358,310.2016333288897,No alert
1751653186.140807,8526.332848873511,472.32896761948456,No alert
1751653187.147095,35652.458477588254,440.1788124706087,No alert
1751653188.172255,7813.150941048444,430.268375706247,No alert
1751653189.178881,26116.073183219374,424.89377003065636,No alert
1751653190.1883452,21057.165704121304,276.3937202519238,No alert
1751653191.2037408,25025.129210088533,407.7292380504466,No alert
1751653192.210318,32686.110738619478,399.59073783272106,No alert
1751653193.214101,6142.874585643036,366.73057256846243,No alert
1751653194.219541,34319.533727467366,378.9238859959978,No alert
1751653195.223437,38126.48776957868,208.2688934855564,No alert
1751653196.2334661,34459.539886720784,385.21364769821827,No alert
1751653197.24316,22769.685109979557,390.9533265974749,No alert
1751653198.250741,163.82496398581145,343.7143450097912,Altitude below safe threshold
1751653199.25405,37884.505808554255,524.6947007003577,Speed above safe threshold
1751653200.2691998,111.83968750400241,394.68130429609334,Altitude below safe threshold
1751653201.274338,32057.699824793435,241.03290167259294,No alert
1751653202.285627,39065.29983373057,239.10386837690584,No alert
1751653203.294823,44209.43246648551,472.9359029049388,Altitude above safe threshold
1751653204.30552,32791.19426740226,360.8320797630016,No alert
1751653205.314664,8263.78896374725,306.7836764384636,No alert
1751653206.325208,30097.731037862926,441.4422921714977,No alert
1751653207.33341,39192.25785983684,463.13805375946725,No alert
1751653208.339048,29678.27434820137,354.4246914850796,No alert
1751653209.345781,17836.0745340256,413.6586223384213,No alert
1751653210.3535612,16723.471857025375,404.6501705400746,No alert
1751653211.356426,35512.17704413733,310.9698209914977,No alert
1751653212.365201,5613.300842043125,201.94112455231362,No alert
1751653213.3733351,15964.787856520534,461.00221289070555,No alert
1751653214.38155,37157.934073121534,331.308300641551,No alert
1751653215.395173,9893.374200880935,319.69406867445826,No alert
1751653216.4033651,24314.239128053276,355.8404201720409,No alert
1751653217.414051,14436.374897466365,225.12342633030934,No alert
1751653218.424108,9196.767082938677,278.2191166714765,No alert
1751653219.436636,31033.03502352849,460.33507057748295,No alert
1751653220.4545438,34273.22096798557,359.60887643459176,No alert
1751653221.4604301,18479.038766544953,386.4265634435221,No alert
1751653222.471224,23936.07355454907,298.2345161345387,No alert
1751653223.479769,26418.540166154806,233.23151896185038,No alert
1751653224.493771,18970.18920957845,406.3607837882339,No alert
1751653225.501749,22446.67059148331,60.53425586091865,Speed below safe threshold
1751653226.512785,11555.421678286253,439.02009992748617,No alert
1751653227.521425,26594.649735575284,278.5346202675097,No alert
1751653228.531378,29011.38527338541,533.3431119343654,Speed above safe threshold
1751653229.541972,21176.696807792065,506.974616500736,Speed above safe threshold
1751653230.548836,25314.445035699104,402.61352111641787,No alert
1751653231.560066,20306.290016689625,219.03067263025403,No alert
1751653232.570949,41598.39831914555,256.6236225158881,Altitude above safe threshold
1751653233.582619,16161.323049095716,369.78787324311867,No alert
1751653234.60029,46066.613029127235,281.0929034567517,Altitude above safe threshold
1751653235.609945,17550.705772407746,356.8686391810297,No alert
1751653236.618607,13564.844526629884,442.3909866379327,No alert
1751653237.628122,3240.7585909659865,447.5656259647109,No alert
1751653238.636012,28635.43616516724,279.3099438603957,No alert
1751653239.6467881,26528.347068191262,443.3979346656247,No alert
1751653240.6569579,30525.437046136776,395.4419691307638,No alert
1751653241.663268,24285.953738774104,250.22819925558298,No alert
1751653242.673653,14535.825398486211,465.4821198688891,No alert
1751653243.683223,30411.840393251798,374.75001649758906,No alert
1751653244.6927512,39701.23651805073,319.71732703993575,No alert
1751653245.7021902,16391.749506602806,365.5383937462949,No alert
1751653246.711443,22086.709242319597,333.1062067412678,No alert
1751653247.722361,29937.45087555382,449.779458511441,No alert
1751653248.730504,11091.246052741686,264.0622835972785,No alert
1751653249.734931,33548.43129111626,375.6826890741627,No alert
1751653250.743743,15525.241809394976,415.2315097123021,No alert
1751653251.7531898,3301.573438948389,579.5716565209261,Speed above safe threshold
1751653252.758949,26005.101817324754,419.137044979703,No alert
1751653253.769276,6520.397062285241,252.40676724148602,No alert
1751653254.7793448,1063.8023912878841,214.46930036302476,Altitude below safe threshold
1751653255.7883048,30518.160652554292,312.20915599074306,No alert
1751653256.799042,13578.218568248967,317.29891703147297,No alert
1751653257.810741,11425.133121576533,322.2184149531611,No alert
1751653258.819266,19194.304845542123,414.56999931068947,No alert
1751653259.82926,744.6756461752528,252.5065376539686,Altitude below safe threshold
1751653260.838798,31113.583393928482,260.76154649099516,No alert
1751653261.843956,12228.420321769308,472.85821356742434,No alert
1751653262.84833,20307.042097943817,469.77764479343176,No alert
1751653263.856811,964.8165763706447,256.4281131986115,Altitude below safe threshold
1751653264.865346,11321.781754995916,462.3536405007313,No alert
1751653265.8738298,3432.570313481277,266.51828210582374,No alert
1751653266.8783722,13480.579885090128,252.50390157698263,No alert
1751653267.886058,8558.495865298315,599.731526671539,Speed above safe threshold
1751653268.894229,17614.321065730284,354.07570528624785,No alert
1751653269.903114,20415.90398019918,229.78935700956075,No alert
1751653270.909663,34444.57409035169,433.1894292693795,No alert
1751653271.9149692,26346.56915153554,464.8024041584887,No alert
1751653272.92293,38868.584919816836,425.334872091428,No alert
1751653273.933527,47068.55189819542,328.09619347817477,Altitude above safe threshold
1751653274.9399328,8316.50875989677,441.3078095771563,No alert
1751653275.949675,29524.81880804155,319.49751733387086,No alert
1751653276.95729,11872.522061574366,243.10782641672972,No alert
1751653277.9653828,11153.23612779073,490.7932886587572,No alert
1751653278.9735308,28519.497399446587,459.0274899590183,No alert
1751653279.983526,34015.06001292738,171.11729652982567,Speed below safe threshold
1751653280.990008,13414.546190495104,419.39943480767033,No alert
1751653281.996202,7260.444377284102,231.78076061349475,No alert
1751653282.999834,27145.5031797196,256.9355095148538,No alert
1751653284.004069,32237.789494212855,413.04772042040133,No alert
1751653285.010727,11244.181097711893,299.3768233724197,No alert
1751653286.020653,23293.174677781353,472.74667332047807,No alert
1751653287.0336041,2926.6150113709045,305.38933998091204,Altitude below safe threshold
1751653288.042182,18655.7422870687,415.9427986484657,No alert
1751653289.046548,10629.294523280172,173.54765212001516,Speed below safe threshold
1751653290.056148,7388.582738472548,262.73664902262226,No alert
1751653291.061632,15769.14110877222,452.9416149434403,No alert
1751653292.068867,12019.118645983352,203.1767798433445,No alert
1751653293.0774488,4625.726980749411,261.7335520963003,No alert
1751653294.083439,39066.67859486823,251.94552779765195,No alert
1751653295.092403,38035.18053291564,409.56647454537597,No alert
1751653296.09852,36623.45869371235,322.1975554949716,No alert
1751653297.104665,32062.890066350774,234.55633937983293,No alert
1751653298.119052,25504.72715963975,503.51475218639354,Speed above safe threshold
1751653299.124185,18953.202697169654,306.98263808199516,No alert
1751653300.130741,9739.375619740087,251.4844681840105,No alert
1751653301.1408598,12950.453426827755,376.5005298187963,No alert
1751653302.150597,33583.28455996449,513.1218198209572,Speed above safe threshold
1751653303.160516,7960.66800555283,369.1364293585883,No alert
1751653304.1657338,6944.26233166678,402.42658465171434,No alert
1751653305.17189,44388.879068843125,272.7607379243812,Altitude above safe threshold
1751653306.1807868,25042.313769105604,280.295008848753,No alert
1751653307.186591,7995.088827613025,329.20320231361416,No alert
1751653308.196998,31488.56871636217,471.11093002164154,No alert
1751653309.206115,4837.666803727285,360.95311320846866,No alert
1751653310.210729,13948.948663508498,486.72449593209086,No alert
1751653311.218056,12899.24372263847,464.9861719771614,No alert
1751653312.2273312,28058.705924382746,431.4944261210088,No alert
1751653313.232278,9060.382948032246,258.9569168386407,No alert
1751653314.242639,6026.595258619096,263.35109629727265,No alert
1751653315.254132,18474.467799463106,315.47378821940936,No alert
1751653316.257505,27427.731803373605,296.1155458024441,No alert
1751653317.267426,19909.286115153813,221.60467178747166,No alert
1751653318.271292,36658.806709870325,389.42964418411293,No alert
1751653319.279201,36116.0605636696,262.2767767069104,No alert
1751653320.288832,20456.947507127683,356.29604535811774,No alert
1751653321.303144,2329.126395807715,463.4108482878669,Altitude below safe threshold
1751653322.311313,12689.154108058052,282.36631913234106,No alert
1751653323.3146088,26832.101380806474,494.59126592162244,No alert
1751653324.322815,19438.403841315496,340.77571261024434,No alert
1751653325.332736,39888.22726932157,379.0020512575484,No alert
1751653326.34163,9136.20788246946,365.236043784298,No alert
1751653327.352391,19171.455704557746,343.75398259590855,No alert
1751653328.3610098,31361.614885264615,551.7504906754469,Speed above safe threshold
1751653329.371707,19059.837832606543,55.61157586878903,Speed below safe threshold
1751653330.3757172,27207.768477943177,451.9121907379956,No alert
1751653331.3835871,9765.068951356743,254.2507465966508,No alert
1751653332.390715,5114.012977022506,276.6854527685008,No alert
1751653333.396107,36107.1081007901,315.1032900046888,No alert
1751653334.4032488,37204.50475741551,496.9517100504174,No alert
1751653335.409169,22633.205506106777,218.4265321542621,No alert
1751653336.418754,43939.03476545957,435.3926599185736,Altitude above safe threshold
1751653337.42265,2634.9074326839395,439.0983928376944,Altitude below safe threshold
1751653338.429676,13701.669290956388,300.5649400528403,No alert
1751653339.43728,29175.554014041463,159.90267999542732,Speed below safe threshold
1751653340.44526,2543.9560481887906,330.8338648994725,Altitude below safe threshold
1751653341.4527318,36482.23773920766,398.11681438693773,No alert
1751653342.4607072,14429.715650909757,306.92750373278466,No alert
1751653343.464469,24566.09976922298,394.8849050923668,No alert
1751653344.472596,669.1842948664599,349.56607411516603,Altitude below safe threshold
1751653345.482966,30472.57253474363,203.1131913330108,No alert
1751653346.491505,13138.948669081485,243.2054385530752,No alert
1751653347.500051,23710.83017570219,273.15356819551886,No alert
1751653348.503915,14626.80410561918,365.25103904156134,No alert
1751653349.508777,30135.468592679565,465.5527678089762,No alert
1751653350.51455,3460.5407093054923,239.54732090500215,No alert
1751653351.523333,27935.21384605523,394.18013011717653,No alert
1751653352.531581,5465.939363327374,265.4298334429725,No alert
1751653353.544162,9334.258299008081,352.8329745131321,No alert
1751653354.5540879,10292.097205788828,412.996805136607,No alert
1751653355.561835,22544.51556788202,483.46414852955513,No alert
1751653356.570715,6655.842911085872,292.24427434133554,No alert
1751653357.574572,15854.758916953024,452.3657218897172,No alert
1751653358.580304,27293.350502851677,280.4824051601563,No alert
1751653359.588119,20186.129700369995,482.6091356868837,No alert
1751653360.597548,29407.631645943202,346.6256549418923,No alert
1751653361.6088479,22143.07083972128,383.54567850976537,No alert
1751653362.6165261,8320.577974255462,488.10556484635975,No alert
1751653363.62396,32847.137752697774,334.0357254551665,No alert
1751653364.632543,4674.337865424381,104.18668194882672,Speed below safe threshold
1751653365.639738,34825.32433601713,443.9706031181751,No alert
1751653366.647916,19917.261255018686,362.05665071449,No alert
1751653367.659829,28344.697463086995,329.28036318956504,No alert
1751653368.6681259,33561.03774775849,582.6763909259914,Speed above safe threshold
1751653369.678144,35914.48020268913,402.8335565837865,No alert
1751653370.681673,31495.072493162654,454.7046800255822,No alert
1751653371.689383,21828.98394465843,338.93931698907426,No alert
1751653372.694255,23994.502665429613,414.7488161690576,No alert
1751653373.702503,29592.899713706796,296.7824650282622,No alert
1751653374.720885,39250.70391143302,403.8621818578938,No alert
1751653375.7243369,25841.783277219354,482.27464986481783,No alert
1751653376.7387898,37431.68674033313,424.11792981042674,No alert
1751653377.746343,33415.47654832733,555.2089686903696,Speed above safe threshold
1751653378.754812,30984.320190004393,144.26045636837335,Speed below safe threshold
1751653379.762729,22849.44803198706,314.8888349553169,No alert
1751653380.7686982,37963.32236824152,494.75894189678814,No alert
1751653381.77694,15560.590628635176,209.87272982626723,No alert
1751653382.782165,13028.464445714215,527.8514197462855,Speed above safe threshold
1751653383.78867,7298.07483208644,275.7691639220475,No alert
1751653384.793396,20644.65079607403,218.07582919564732,No alert
1751653385.802192,30489.693097153824,348.5561981258155,No alert
1751653386.8111308,16618.322447205806,269.5813502503223,No alert
1751653387.8209221,10532.054298000487,112.54378844720466,Speed below safe threshold
1751653388.830233,7372.900464678321,337.86338566355937,No alert
1751653389.839092,16934.989582274822,589.6376645872032,Speed above safe threshold
1751653390.847984,12980.110655915778,313.35268031530774,No alert
1751653391.857418,37833.403983811855,381.4650250600435,No alert
1751653392.86201,1322.8027851851857,285.7909792415878,Altitude below safe threshold
1751653393.869689,31063.7567056714,338.58677940978214,No alert
1751653394.876279,3965.5110163423483,237.50762694328344,No alert
1751653395.8848782,31573.48468534677,296.8822580245219,No alert
1751653396.892915,11950.98242981877,252.94215810441435,No alert
1751653397.898443,36495.92814216477,11.916684227118115,Speed below safe threshold
1751653398.906791,32910.32287476437,441.50942878887486,No alert
1751653399.910657,23470.942292658205,495.8052160554062,No alert
1751653400.918933,19514.63098723821,443.96936336403746,No alert
1751653401.927307,32104.404548786275,254.09016795076357,No alert
1751653402.931019,22706.77359808618,292.50780525542353,No alert
1751653403.9357271,4059.8467004491913,405.6564894948683,No alert
1751653404.9439418,33226.36127818978,121.9810010258812,Speed below safe threshold
1751653405.95239,38689.76191878157,465.01324869861133,No alert
1751653406.958387,32131.39476170869,230.72713362038832,No alert
1751653407.968404,22810.284355941945,257.9785971088823,No alert
1751653408.977771,14915.222937498707,115.11789547945634,Speed below safe threshold
1751653409.987416,33548.45143997246,399.5783124236448,No alert
1751653410.996091,34036.395110013655,392.7705039030458,No alert
1751653412.000314,17480.493195674808,424.54577331398326,No alert
1751653413.006295,14939.238504479606,481.91225220246923,No alert
1751653414.0107331,4558.1652053593,423.48919822539585,No alert
1751653415.017735,389.61849466551433,491.1366443573674,Altitude below safe threshold
1751653416.022217,19378.092395951946,248.99027623886815,No alert
1751653417.028327,20332.858276429506,366.31533921450114,No alert
1751653418.036565,10581.026344684109,284.9694120141918,No alert
1751653419.0420532,34680.73996205311,470.0733742020134,No alert
1751653420.051413,36267.06788469605,399.9355909430747,No alert
1751653421.060562,2748.3723598570846,274.42468906956736,Altitude below safe threshold
1751653422.066224,24737.80159497816,290.6489392886264,No alert
1751653423.074683,34547.87493221594,287.06161481130454,No alert
1751653424.0832472,11117.414694575556,324.0318931183035,No alert
1751653425.087638,32046.412803379237,271.6332838674782,No alert
1751653426.093751,35644.428270865654,494.1799804500808,No alert
1751653427.1016252,3380.5228342566156,272.499816899698,No alert
1751653428.111731,3664.3518279741343,343.788165390667,No alert
1751653429.120044,8357.965671459973,416.8367507263121,No alert
1751653430.128296,3826.6617289924325,375.11545019387313,No alert
1751653431.134839,41652.504936352714,273.36945914738124,Altitude above safe threshold
1751653432.1426811,49450.365249699855,396.04950117029784,Altitude above safe threshold
1751653433.1508071,2853.217622063094,439.4293433946575,Altitude below safe threshold
1751653434.157845,32802.29860606905,393.4262424543559,No alert
1751653435.16306,47446.71011547581,214.47689896052267,Altitude above safe threshold
1751653436.169777,4403.756859924433,331.1591242296879,No alert
1751653437.1768131,34506.5219980618,450.33014193565157,No alert
1751653438.1831539,38542.613246934416,325.7105233956477,No alert
1751653439.193582,13842.626691251091,498.630841601,No alert
1751653440.2023392,38915.72551019547,498.28169721784417,No alert
1751653441.212543,4219.96252559322,469.87290240216385,No alert
1751653442.224423,18032.706015114738,249.51292020070673,No alert
1751653443.259817,13525.787320596519,182.22584942591806,Speed below safe threshold
1751653444.2657092,5070.071170683897,348.2482905359866,No alert
1751653445.273582,48264.76368254942,313.608297751946,Altitude above safe threshold
1751653446.2796109,13288.741177315265,201.21679824554394,No alert
1751653447.287731,13358.878301736413,311.16570600548704,No alert
1751653448.290715,17964.970940026793,390.6397518214418,No alert
1751653449.299041,22669.698734826638,344.68464403137267,No alert
1751653450.3066251,38913.47676111261,441.1022445968302,No alert
1751653451.315378,31871.441940877743,213.5193127829063,No alert
1751653452.321611,15100.663250249729,449.4226607842654,No alert
1751653453.326488,15006.593398221243,242.77666055133503,No alert
1751653454.331112,15466.346615454733,391.3847179139948,No alert
1751653455.3347242,21081.630865358227,295.2812695931565,No alert
1751653456.3433962,10818.663354320375,474.89133632020815,No alert
1751653457.350604,15606.010818444938,249.95257956604462,No alert
1751653458.365633,15180.90580663424,418.8878079525097,No alert
1751653459.374439,557.0835742183042,329.74951864872855,Altitude below safe threshold
1751653460.385143,13489.912738599693,420.3427063591015,No alert
1751653461.394094,5383.287059659117,229.63197404258992,No alert
1751653462.397908,11979.368498011745,213.50125348574045,No alert
1751653463.40853,19662.404840984374,222.59216741487626,No alert
1751653464.414335,9346.018885168272,445.5086619751305,No alert
1751653465.42083,29112.589040504714,214.47872407894738,No alert
1751653466.427694,17598.724042741596,278.25125861697325,No alert
1751653467.436925,40578.358583476176,269.1850210875858,Altitude above safe threshold
1751653468.4414,18958.251071814942,372.2902518815049,No alert
1751653469.458008,7859.766013713558,307.1574170937799,No alert
1751653470.466785,30948.884790377477,274.316035897549,No alert
1751653471.474586,26121.496495925632,460.09620961954346,No alert
1751653472.498842,17328.55113582954,317.5704596644995,No alert
1751653473.521292,28850.501733880003,241.78987020326886,No alert
1751653474.5291781,16672.258477165917,261.33015535436635,No alert
1751653475.539225,23517.716674952673,496.43745432459906,No alert
1751653476.5483258,38562.61966451849,233.91358330379884,No alert
1751653477.5539289,24810.939876847868,218.10730005204852,No alert
1751653478.560446,14702.135751188518,351.1791828216849,No alert
1751653479.570385,35075.70029642256,202.2319974046392,No alert
1751653480.5801642,19497.565799484953,456.01761662974513,No alert
1751653481.5859861,26535.961758434245,433.69231723364345,No alert
1751653482.593796,24534.993502873866,336.9346442836564,No alert
1751653483.608948,27564.724735176373,244.03547621829296,No alert
1751653484.616798,3133.829280160887,360.4782076422743,No alert
1751653485.63017,15589.274725581754,282.66407854943327,No alert
1751653486.6362271,28517.951578185166,246.45609958089057,No alert
1751653487.6457632,8689.910004882979,227.19142096589914,No alert
1751653488.6533601,19904.6959808643,236.0115969632016,No alert
1751653489.662441,48250.91379582246,301.86600189458636,Altitude above safe threshold
1751653490.668967,2803.529715997337,408.28092467401973,Altitude below safe threshold
1751653491.678126,3783.587121881768,226.40874541320264,No alert
1751653492.6851258,4223.778059140595,519.555685410143,Speed above safe threshold
1751653493.6967192,11578.630927437573,455.5831852404848,No alert
1751653494.7077582,9409.248651362956,449.0930881705387,No alert
1751653495.711942,27207.879963807576,307.3273525160552,No alert
1751653496.719151,36099.18613350265,301.6935696024333,No alert
1751653497.7272289,18356.48113277684,281.89949283113776,No alert
1751653498.736041,25781.167715050135,494.8874284150372,No alert
1751653499.742202,24712.408161915624,324.1126801105206,No alert
1751653500.747583,37324.434941734835,386.92934824510587,No alert
1751653501.7568378,33422.62570866349,482.43357061694337,No alert
1751653502.765364,10697.20452831049,335.43185124821224,No alert
1751653503.774559,15965.899182214354,562.7147302711303,Speed above safe threshold
1751653504.779467,14075.250245473848,226.10064506612878,No alert
1751653505.7845418,28866.72924602633,114.69179529403189,Speed below safe threshold
1751653506.792943,11971.77064008976,435.08351215799166,No alert
1751653507.79948,2789.9750701784,336.486755618374,Altitude below safe threshold
1751653508.8044832,3251.5995708245878,267.21645702023187,No alert
1751653509.8107169,28795.161380299192,309.01465143641894,No alert
1751653510.817164,22682.481876141213,383.946324063809,No alert
1751653511.8247738,15032.367642933817,164.28639553194623,Speed below safe threshold
1751653512.8295412,8065.729658093747,472.9534990257454,No alert
1751653513.832851,30532.061826003122,292.3893379930758,No alert
1751653514.83867,5695.716100263249,370.14722400542183,No alert
1751653515.8439932,37924.89507004156,204.81833887782452,No alert
1751653516.854959,35615.5621415664,251.21736876667018,No alert
1751653517.863308,35517.06926359667,414.1744943862128,No alert
1751653518.868868,21115.324347360576,420.3485261492429,No alert
1751653519.8770308,14669.555348721564,393.2475367948623,No alert
1751653520.884649,24745.762099044667,525.5831584118598,Speed above safe threshold
1751653521.891573,23652.01020410444,446.8122943817265,No alert
1751653522.8958652,39101.920541560285,247.65524741052576,No alert
1751653523.903861,21536.20184472724,219.4761321144695,No alert
1751653524.9149928,37479.590741090935,404.5486223812782,No alert
1751653525.9188638,15511.7839244246,254.96294814766458,No alert
1751653526.928343,49283.704919566604,287.0375632286266,Altitude above safe threshold
1751653527.9372642,35176.50912068619,306.14197725663877,No alert
1751653528.95086,15810.340295042017,200.1215554779256,No alert
1751653529.95877,35195.411235876614,474.62783344019715,No alert
1751653530.9656231,20792.49660903401,320.12742847030006,No alert
1751653531.971997,27452.06487439496,165.24108822275002,Speed below safe threshold
1751653532.9784489,32622.32733257596,315.8911367290644,No alert
1751653533.984023,3093.964247305421,373.72808621518357,No alert
1751653534.992363,36340.56301404889,91.30532200810866,Speed below safe threshold
1751653536.000375,20497.696218218585,465.7988454133361,No alert
1751653537.008448,44866.544096059515,419.937653609393,Altitude above safe threshold
1751653538.017641,26531.69041359796,384.7261822930102,No alert
1751653539.02591,29483.49601214545,497.6342734771223,No alert
1751653540.034188,19549.23021401527,174.0759087450836,Speed below safe threshold
1751653541.0425029,27646.31725528445,310.4133783256126,No alert
1751653542.0479848,831.9890383637425,288.05682873587773,Altitude below safe threshold
1751653543.060694,26206.75351032818,411.16640353978664,No alert
1751653544.071681,6625.164735131772,415.39307339321937,No alert
1751653545.095099,37587.14295529319,252.4904433175833,No alert
1751653546.100629,35469.73720261241,435.0739368126169,No alert
1751653547.1089091,7988.331089455377,337.553441048311,No alert
1751653548.114762,36705.14295255275,303.9057326883678,No alert
1751653549.12743,15714.355119715005,468.38403618992555,No alert
1751653550.137789,31625.266873968023,206.470289232436,No alert
1751653551.143695,3152.789004201748,476.7821817820563,No alert
1751653552.152123,25628.114262009472,317.9326794299784,No alert
1751653553.158868,37105.49554173014,599.0714431990924,Speed above safe threshold
1751653554.167586,20080.0481277902,548.4201157978299,Speed above safe threshold
1751653555.1755378,1607.0052958870763,449.1282273433335,Altitude below safe threshold
1751653556.1791968,13738.805065760833,256.74974386262056,No alert
1751653557.1893141,23983.85241832148,336.6929271204546,No alert
1751653558.1969888,24656.841741831835,312.82590582090495,No alert
1751653559.2073028,31833.155859264218,287.2545731523356,No alert
1751653560.212115,33039.22333419047,131.86967804429887,Speed below safe threshold
1751653561.218891,8921.391574482848,266.3942694558125,No alert
1751653562.223478,39128.573496757104,467.9523426610123,No alert
1751653563.228437,41639.30168227276,215.4787343040753,Altitude above safe threshold
1751653564.236675,20396.530721430976,253.011459633592,No alert
1751653565.246803,27803.714454351437,453.13871533915346,No alert
1751653566.254507,28154.514485490658,409.452703275253,No alert
1751653567.258698,28546.85066668003,202.75507774510427,No alert
1751653568.268339,8382.255531080438,475.55292018050056,No alert
1751653569.275337,3486.463719153988,377.0499428383766,No alert
1751653570.2847471,21354.629518602032,206.91342628215216,No alert
1751653571.292012,37983.34125186059,341.1921204912897,No alert
1751653572.299914,3596.19607043586,318.95333485449515,No alert
1751653573.308026,13513.324373112462,312.4289310407919,No alert
1751653574.313457,1434.1615652336611,345.9404003924474,Altitude below safe threshold
1751653575.319935,30473.476352178845,450.6979981728419,No alert
1751653576.325603,7061.750403876655,295.5068575486563,No alert
1751653577.334466,9001.60785646506,286.44415322624525,No alert
1751653578.34339,19563.222445724754,362.79681773397135,No alert
1751653579.355139,38716.40312980025,469.42541904864214,No alert
1751653580.364033,47473.74005299706,452.59134692733403,Altitude above safe threshold
1751653581.370728,5617.666347148861,39.1834025822214,Speed below safe threshold
1751653582.378996,30989.099984613065,269.1738969637486,No alert
1751653583.3873549,18219.283873527995,279.3876751185788,No alert
1751653584.39536,31141.719788831615,372.06121076117245,No alert
1751653585.402796,20263.585977389906,473.95411227747945,No alert
1751653586.411351,32284.040875432314,269.6394428394441,No alert
1751653587.422431,23541.220940609805,65.9024723721171,Speed below safe threshold
1751653588.431818,10045.011092642555,427.6730334727422,No alert
1751653589.441118,6014.973235089323,92.27508711039162,Speed below safe threshold
1751653590.450271,35008.54886466465,219.63253680592868,No alert
1751653591.459532,28047.23924672622,399.47178101069693,No alert
1751653592.464214,27466.155455243872,328.3681025893694,No alert
1751653593.4708369,32192.61409677264,246.39095927231736,No alert
1751653594.478276,49212.74492636897,241.83038313038236,Altitude above safe threshold
1751653595.48405,30864.954711229344,334.5081909068999,No alert
1751653596.491946,9695.713350991393,304.777242242233,No alert
1751653597.5003068,41575.531839046926,281.6049880909859,Altitude above safe threshold
1751653598.5084622,46977.43293481572,231.69397614186835,Altitude above safe threshold
1751653599.51431,17958.34336282437,397.7087263501981,No alert
1751653600.5202482,29526.095617301955,369.2068282768895,No alert
1751653601.525391,38701.632338622556,325.1388104462725,No alert
1751653602.532722,23211.62525120354,373.5038698262968,No alert
1751653603.545758,27500.460299335853,550.7937453429424,Speed above safe threshold
1751653604.554973,25546.119962454013,260.21576186923903,No alert
1751653605.562289,38274.570798135945,445.2077492635702,No alert
1751653606.568664,30853.76155434167,450.7107452469377,No alert
1751653607.5761962,12849.38383142173,419.8030171965686,No alert
1751653608.581789,27395.17165944256,417.7162721761481,No alert
1751653609.586016,32593.288343113134,450.32581279832067,No alert
1751653610.590716,19356.58953385854,393.8501164229428,No alert
1751653611.595566,23195.10315430737,254.3074273131832,No alert
1751653612.604314,21963.415911722448,413.7864798797683,No alert
1751653613.612473,38999.71766738867,354.4897595046002,No alert
1751653614.6231868,6025.50491130666,215.87130301282667,No alert
1751653615.631572,36132.00206607308,1.445225398657759,Speed below safe threshold
1751653616.640131,35349.231672375514,339.08980346714156,No alert
1751653617.6496818,35430.8302992313,588.1379336280095,Speed above safe threshold
1751653618.654987,19420.897226558103,479.042565468823,No alert
1751653619.660444,8500.950943449916,463.9095128099264,No alert
1751653620.665888,8376.458040616926,214.08381915626674,No alert
1751653621.674856,1072.5744981445282,299.9588079613243,Altitude below safe threshold
1751653622.681727,18414.270126953095,470.4537164905844,No alert
1751653623.687809,18437.565546250822,239.9347399053068,No alert
1751653624.7177331,33952.40243266896,212.25693760364547,No alert
1751653625.725585,36468.15457478644,252.007927259923,No alert
1751653626.731883,28625.338936611486,467.82290136584345,No alert
1751653627.7351658,36245.7883347349,492.2554418867804,No alert
1751653628.743715,23369.738290030804,376.61249500997195,No alert
1751653629.752864,18588.980206160668,266.3654014389084,No alert
1751653630.768597,32296.993392866145,429.2778292831457,No alert
1751653631.775334,16141.243800437675,308.0157891315253,No alert
1751653632.781999,29841.754727778723,225.325434294285,No alert
1751653633.791115,11798.031508508198,365.33357992807487,No alert
1751653634.799683,18747.28755402723,287.6830899614647,No alert
1751653635.811596,14344.95344631706,357.7377236938087,No alert
1751653636.8166668,32692.38427552817,458.62114583271125,No alert
1751653637.8234298,23879.392542579404,292.7596923607075,No alert
1751653638.8317819,39518.291177289124,365.07130573148845,No alert
1751653639.8414998,32724.36793378785,559.0174391614203,Speed above safe threshold
1751653640.849958,20632.454512154472,374.66377525128684,No alert
1751653641.853028,15084.476369532691,401.4604699711101,No alert
1751653642.856995,22630.216716518873,250.64806791371106,No alert
1751653643.865466,19561.889677268096,233.3420981069839,No alert
1751653644.8739572,30616.590049424674,152.89269530167869,Speed below safe threshold
1751653645.8828108,1101.6876930322655,480.9019758883103,Altitude below safe threshold
1751653646.890778,37723.42282979404,482.6626118005471,No alert
1751653647.900037,8342.752546993797,360.59345780937656,No alert
1751653648.904203,25720.444012004948,210.17978240717525,No alert
1751653649.9113972,11915.28991778122,258.54405130867906,No alert
1751653650.91913,27424.533351406797,325.2268210263691,No alert
1751653651.923271,39230.71273524453,201.12761888671167,No alert
1751653652.927459,34176.53000935043,454.2753434454678,No alert
1751653653.93412,11922.560137169816,327.57910344073156,No alert
1751653654.944095,34599.612804199845,481.8267355581922,No alert
1751653655.95024,39212.78068089009,299.1779521454375,No alert
1751653656.958394,35866.103117028564,264.6851647565901,No alert
1751653657.964551,15746.710410999158,415.8745897748936,No alert
1751653658.970718,32522.421063436792,222.24331280889675,No alert
1751653659.9790132,9453.01925886104,463.4374580790847,No alert
1751653660.985771,8975.140148420116,374.11972740679437,No alert
1751653661.9916632,3712.906340833837,488.82788625228653,No alert
1751653662.99715,24258.316316821296,447.3105894793186,No alert
1751653664.011631,19613.029522659923,242.97935798813216,No alert
1751653665.0208519,44151.35603877055,379.49352803395254,Altitude above safe threshold
1751653666.031104,27590.02774588466,261.02500716019404,No alert
1751653667.0440588,33133.28359207579,411.476071222369,No alert
1751653668.058568,5659.845771951894,422.0942308977805,No alert
1751653669.06603,3092.40805107256,350.03163909014654,No alert
1751653670.092493,16544.351064123435,553.6516127595232,Speed above safe threshold
1751653671.09726,37268.15982903802,400.9898369964344,No alert
1751653672.105932,21082.962866592163,304.5187289963423,No alert
1751653673.1145148,40639.31823945064,446.7113028095961,Altitude above safe threshold
1751653674.124033,15259.406597286437,465.90432085273466,No alert
1751653675.1347241,19976.644901630098,424.0858427059349,No alert
1751653676.1419048,30280.876680031084,295.7624400843606,No alert
1751653677.149916,11008.963347447501,433.3243744925991,No alert
1751653678.156458,19612.425218718825,340.5422483027366,No alert
1751653679.160884,3161.2338333271127,305.07703568374154,No alert
1751653680.170316,2598.9544089460996,330.1699359093278,Altitude below safe threshold
1751653681.178634,21804.24671069301,334.1802132104474,No alert
1751653682.1829948,2269.0424514480055,263.66022031266795,Altitude below safe threshold
1751653683.1871638,44100.93857717427,291.2592588524105,Altitude above safe threshold
1751653684.1953669,6772.930928100779,310.4624135166361,No alert
1751653685.2049322,36064.26437764709,307.77229700481826,No alert
1751653686.2131698,8565.446357694847,378.436176687306,No alert
1751653687.221318,26845.48904142555,323.0033682667609,No alert
1751653688.2293289,30834.972952780685,396.27185506791045,No alert
1751653689.23321,47505.66199567751,358.2395495701316,Altitude above safe threshold
1751653690.2389498,17328.825988328645,251.0910390026005,No alert
1751653691.248207,10866.010017809203,62.384197257237716,Speed below safe threshold
1751653692.259716,36184.133865210024,513.9128296771198,Speed above safe threshold
1751653693.268703,12593.011418716433,548.5482021875624,Speed above safe threshold
1751653694.275177,609.566813036295,460.83873548171516,Altitude below safe threshold
1751653695.280798,23635.51226561284,354.0783113878142,No alert
1751653696.290189,20272.195222056078,245.7812281443185,No alert
1751653697.295122,29669.821359325335,345.2403531064282,No alert
1751653698.304162,46685.63592664828,425.4374693652675,Altitude above safe threshold
1751653699.31303,30954.931168612897,267.7935889513153,No alert
1751653700.323843,9663.854703023202,283.02919804154675,No alert
1751653701.3318698,10394.318023227926,77.55544781843562,Speed below safe threshold
1751653702.34115,21435.338425297305,171.8723834376539,Speed below safe threshold
1751653703.350753,19436.54781787817,298.92109598576667,No alert
1751653704.354736,16118.41132784271,266.89538478091237,No alert
1751653705.361742,12821.409803153094,377.7886464316258,No alert
1751653706.366833,21271.60244445162,428.66993815738215,No alert
1751653707.375387,5973.491486112922,222.81112003650958,No alert
1751653708.386455,46009.49832638923,421.0382115365401,Altitude above safe threshold
1751653709.402258,26977.50271311419,218.99692395390667,No alert
1751653710.407922,16893.00852336002,227.00466611874032,No alert
1751653711.412629,32514.044582563583,290.8464634734926,No alert
1751653712.420535,12772.99621912741,237.50551331488018,No alert
1751653713.426927,25035.725627000807,134.6544234804647,Speed below safe threshold
1751653714.434377,30289.02423859251,272.42340920497674,No alert
1751653715.455484,38563.5275978966,478.6611441209314,No alert
1751653716.464175,37021.62701326054,319.5647977977045,No alert
1751653717.470717,25122.878779268463,249.5602502255989,No alert
1751653718.479624,8401.849689397213,401.7336044853801,No alert
1751653719.4962938,22730.027065876664,465.1882809553592,No alert
1751653720.502424,22462.646851581114,242.82444511038932,No alert
1751653721.511729,9174.134308007986,350.8557838684402,No alert
1751653722.5225081,15508.74565578439,337.10806402478715,No alert
1751653723.531355,39700.313584199,316.6134916650843,No alert
1751653724.539828,9667.922652626521,217.23494045931625,No alert
1751653725.548419,25196.42698644638,379.3953658541784,No alert
1751653726.556548,12332.177648811092,474.3634440478354,No alert
1751653727.565347,1404.145557284307,204.53483538574204,Altitude below safe threshold
1751653728.577496,24223.73531935369,335.5795009860144,No alert
1751653729.5850308,13120.010090996087,345.0478841396031,No alert
1751653730.5993721,6857.551670178253,97.4045021503466,Speed below safe threshold
1751653731.6176262,35320.10608416372,374.85320110379223,No alert
1751653732.6260202,12087.372108962181,310.18282503960324,No alert
1751653733.629178,6449.759766899082,522.8382247785686,Speed above safe threshold
1751653734.6384482,13448.225552998943,454.0286821310765,No alert
1751653735.647506,16234.770499956909,69.87888370404063,Speed below safe threshold
1751653736.6566012,10544.119935438826,413.73054060059405,No alert
1751653737.6649458,16114.19557366512,210.08815995838515,No alert
1751653738.6699991,14525.005379454027,393.25639235952025,No alert
1751653739.678755,15090.563466726766,2.0043482684766434,Speed below safe threshold
1751653740.68313,30213.133208077328,322.2650823469807,No alert
1751653741.691346,34874.19728466343,361.2367845570259,No alert
1751653742.701689,33231.24515526629,252.5484032526612,No alert
1751653743.7116501,21241.687702095962,385.28372925101223,No alert
1751653744.720875,10488.587765942011,283.05673416176853,No alert
1751653745.728821,18108.637770677014,9.556163044194914,Speed below safe threshold
1751653746.736824,29341.888057347038,353.03876255348234,No alert
1751653747.7424982,6139.239903538224,271.22656249883244,No alert
1751653748.753696,565.081064582758,277.0417146113516,Altitude below safe threshold
1751653749.761085,16293.753488752796,498.40699973676846,No alert
1751653750.77035,36095.281214487564,471.5040071081184,No alert
1751653751.776969,35428.84279088128,478.2074576971138,No alert
1751653752.786098,33508.086526075545,203.00304900815723,No alert
1751653753.80377,6134.32824629035,463.59489594781587,No alert
1751653754.8135219,25358.760371301854,413.0424663411811,No alert
1751653755.821345,35615.5739606093,293.5263580853074,No alert
1751653756.828733,31238.738968865404,133.05154806809796,Speed below safe threshold
1751653757.839009,8819.907934624345,371.57303217298,No alert
1751653758.8473291,11970.421956080008,294.21915684785984,No alert
1751653759.852156,30179.22423560477,447.6222915374431,No alert
1751653760.859178,27644.616523237444,415.7693004894083,No alert
1751653761.8678138,22155.285516433185,328.36632006268223,No alert
1751653762.875836,7790.628436322196,499.2215579265493,No alert
1751653763.884106,35881.494934079456,259.09584555018193,No alert
1751653764.893791,38510.335751051156,416.90651850823207,No alert
1751653765.901259,15717.350876700793,72.51320242723243,Speed below safe threshold
1751653766.906773,1514.749034151047,467.42468125503717,Altitude below safe threshold
1751653767.9175549,16956.85827001235,494.6568048193493,No alert
1751653768.926168,48185.09559130134,387.12950066160965,Altitude above safe threshold
1751653769.945782,9931.088166145984,240.80728977280563,No alert
1751653770.952328,38509.72100117868,277.62433952484326,No alert
1751653771.961152,28844.719701233822,245.54797759239818,No alert
1751653772.970268,5224.242309644303,477.60543029363777,No alert
1751653773.97768,34762.23886697475,302.3844549723046,No alert
1751653774.9867048,19424.497544414386,549.3246463067078,Speed above safe threshold
1751653775.994796,9195.01747257439,489.6876692406995,No alert
1751653777.004394,5818.463006736407,322.66301815228644,No alert
1751653778.009828,26320.216461311888,422.9274543851355,No alert
1751653779.020311,36875.534137634786,326.0741776135744,No alert
1751653780.024307,18884.041115159103,494.1221631042027,No alert
1751653781.03278,19282.957145748944,477.75766148024206,No alert
1751653782.039807,16713.19802875725,60.91097894985051,Speed below safe threshold
1751653783.047631,14189.794881785705,227.58006777845895,No alert
1751653784.057597,31364.11145650988,261.3311779753152,No alert
1751653785.062007,26108.372249724693,400.1288894545791,No alert
1751653786.07014,8196.415871015515,294.1313349444427,No alert
1751653787.080055,6152.204271283297,208.54091027637696,No alert
1751653788.084419,2891.3771019360674,477.99996520934934,Altitude below safe threshold
1751653789.091815,4974.03423131497,58.97922877443321,Speed below safe threshold
1751653790.09664,337.02086507928976,217.40977161165043,Altitude below safe threshold
1751653791.1074638,20890.860451118668,243.20397856486673,No alert
1751653792.1172822,42744.026849679176,329.6283529401485,Altitude above safe threshold
1751653793.122015,2292.684045074708,201.01632454223096,Altitude below safe threshold
1751653794.128155,46250.47826145745,249.24857477499782,Altitude above safe threshold
1751653795.133528,20651.31092712722,445.32503839086365,No alert
1751653796.1413262,32363.68238394019,355.8205620971306,No alert
1751653797.14956,35637.78644850415,404.9707928649401,No alert
1751653798.159952,38483.35388585015,322.03233453683924,No alert
1751653799.168767,26310.062567089266,337.43386289211446,No alert
1751653800.176959,21044.640455606812,278.4012992233052,No alert
1751653801.185357,44253.569234455405,262.5527079634999,Altitude above safe threshold
1751653802.1912909,36668.8294467948,367.23916768640447,No alert
1751653803.196647,15700.591980141502,274.22724581191375,No alert
1751653804.205434,17355.074000729386,316.00021455306285,No alert
1751653805.210589,10463.682702289403,323.4582911963934,No alert
1751653806.2187788,9826.773913567025,309.43423239381934,No alert
1751653807.2381551,11145.371228699976,378.073872670986,No alert
1751653808.245894,32386.204131085433,482.39755149151637,No alert
1751653809.2537549,18359.62627766188,18.148556841936518,Speed below safe threshold
1751653810.264454,33275.92920737161,465.5578720485725,No alert
1751653811.272941,39619.597907489915,504.399147311555,Speed above safe threshold
1751653812.28294,25384.14395216298,584.2114049860133,Speed above safe threshold
1751653813.291002,1008.3198900332847,411.5922190236233,Altitude below safe threshold
1751653814.295968,20377.46688828528,346.9536075937867,No alert
1751653815.309616,14623.170255920659,346.15492515461636,No alert
1751653816.3172421,6804.195134763737,307.06154795152827,No alert
1751653817.324076,9009.87528186828,383.12735230846306,No alert
